{
    "near": 0.10000000149011612,
    "far": 8.0,
    "depth_scaling_factor": 1000.0,
    "frames": [
        {
            "file_path": "./train/rgb/1652521444.134003200_front.png",
            "depth_file_path": "./train/depth/1652521444.134003200_front_depth.png",
            "fx": 279.01251220703127,
            "fy": 279.03369140625,
            "cx": 269.90625,
            "cy": 269.90625,
            "transform_matrix": [
                [
                    -0.0385252982378006,
                    -0.011975100263953209,
                    0.9991859793663025,
                    -1.1516599655151368
                ],
                [
                    0.0029261300805956127,
                    -0.9999250173568726,
                    -0.011871100403368473,
                    0.03101620078086853
                ],
                [
                    0.99925297498703,
                    0.002466409932821989,
                    0.0385574996471405,
                    0.24718700349330903
                ],
                [
                    0.0,
                    0.0,
                    0.0,
                    1.0
                ]
            ]
        },
        {
            "file_path": "./train/rgb/1652521448.254003200_front.png",
            "depth_file_path": "./train/depth/1652521448.254003200_front_depth.png",
            "fx": 279.01251220703127,
            "fy": 279.03369140625,
            "cx": 269.90625,
            "cy": 269.90625,
            "transform_matrix": [
                [
                    -0.02765900082886219,
                    -0.057854101061820987,
                    0.9979419708251953,
                    -2.1635899543762209
                ],
                [
                    0.0025287100579589607,
                    -0.9983239769935608,
                    -0.05780620127916336,
                    0.10245499759912491
                ],
                [
                    0.9996140003204346,
                    0.0009246490080840886,
                    0.027758900076150895,
                    0.25150999426841738
                ],
                [
                    0.0,
                    0.0,
                    0.0,
                    1.0
                ]
            ]
        },
        {
            "file_path": "./train/rgb/1652521452.174003200_front.png",
            "depth_file_path": "./train/depth/1652521452.174003200_front_depth.png",
            "fx": 279.01251220703127,
            "fy": 279.03369140625,
            "cx": 269.90625,
            "cy": 269.90625,
            "transform_matrix": [
                [
                    -0.024732699617743493,
                    -0.026487300172448159,
                    0.9993429780006409,
                    -3.1892099380493166
                ],
                [
                    0.0062340800650417809,
                    -0.9996330142021179,
                    -0.026340700685977937,
                    0.14625999331474305
                ],
                [
                    0.9996740221977234,
                    0.005578509997576475,
                    0.02488880045711994,
                    0.24900899827480317
                ],
                [
                    0.0,
                    0.0,
                    0.0,
                    1.0
                ]
            ]
        },
        {
            "file_path": "./train/rgb/1652521456.214003200_front.png",
            "depth_file_path": "./train/depth/1652521456.214003200_front_depth.png",
            "fx": 279.01251220703127,
            "fy": 279.03369140625,
            "cx": 269.90625,
            "cy": 269.90625,
            "transform_matrix": [
                [
                    -0.03205310180783272,
                    -0.008224929682910443,
                    0.9994519948959351,
                    -4.224269866943359
                ],
                [
                    0.002147030085325241,
                    -0.9999639987945557,
                    -0.008160259574651719,
                    0.11740200221538544
                ],
                [
                    0.9994840025901794,
                    0.0018842900171875954,
                    0.032069601118564609,
                    0.24775999784469605
                ],
                [
                    0.0,
                    0.0,
                    0.0,
                    1.0
                ]
            ]
        },
        {
            "file_path": "./train/rgb/1652521459.774003200_front.png",
            "depth_file_path": "./train/depth/1652521459.774003200_front_depth.png",
            "fx": 279.01251220703127,
            "fy": 279.03369140625,
            "cx": 269.90625,
            "cy": 269.90625,
            "transform_matrix": [
                [
                    -0.032506201416254047,
                    -0.0144464997574687,
                    0.9993669986724854,
                    -5.262119770050049
                ],
                [
                    0.010430100373923779,
                    -0.9998459815979004,
                    -0.0141142001375556,
                    0.13383999466896058
                ],
                [
                    0.9994170069694519,
                    0.009964670054614544,
                    0.03265190124511719,
                    0.2478799968957901
                ],
                [
                    0.0,
                    0.0,
                    0.0,
                    1.0
                ]
            ]
        },
        {
            "file_path": "./train/rgb/1652521466.814003200_front.png",
            "depth_file_path": "./train/depth/1652521466.814003200_front_depth.png",
            "fx": 279.01251220703127,
            "fy": 279.03369140625,
            "cx": 269.90625,
            "cy": 269.90625,
            "transform_matrix": [
                [
                    -0.028133699670433999,
                    -0.13153700530529023,
                    0.9909120202064514,
                    -7.253590106964111
                ],
                [
                    0.011388500221073628,
                    -0.9912819862365723,
                    -0.13126300275325776,
                    0.2718159854412079
                ],
                [
                    0.9995390176773071,
                    0.007592060137540102,
                    0.029386499896645547,
                    0.25001901388168337
                ],
                [
                    0.0,
                    0.0,
                    0.0,
                    1.0
                ]
            ]
        },
        {
            "file_path": "./train/rgb/1652521470.654003200_front.png",
            "depth_file_path": "./train/depth/1652521470.654003200_front_depth.png",
            "fx": 279.01251220703127,
            "fy": 279.03369140625,
            "cx": 269.90625,
            "cy": 269.90625,
            "transform_matrix": [
                [
                    -0.025668900460004808,
                    -0.11574000120162964,
                    0.9929479956626892,
                    -8.254429817199707
                ],
                [
                    0.010562900453805924,
                    -0.9932510256767273,
                    -0.1155019998550415,
                    0.39403098821640017
                ],
                [
                    0.9996140003204346,
                    0.007523570209741592,
                    0.026718199253082277,
                    0.24735499918460847
                ],
                [
                    0.0,
                    0.0,
                    0.0,
                    1.0
                ]
            ]
        },
        {
            "file_path": "./train/rgb/1652521474.094003200_front.png",
            "depth_file_path": "./train/depth/1652521474.094003200_front_depth.png",
            "fx": 279.01251220703127,
            "fy": 279.03369140625,
            "cx": 269.90625,
            "cy": 269.90625,
            "transform_matrix": [
                [
                    -0.028482399880886079,
                    -0.07547640055418015,
                    0.996740996837616,
                    -9.254619598388672
                ],
                [
                    0.016731899231672288,
                    -0.9970409870147705,
                    -0.07502099871635437,
                    0.4817030131816864
                ],
                [
                    0.9994540214538574,
                    0.014540599659085274,
                    0.02966099977493286,
                    0.24367299675941468
                ],
                [
                    0.0,
                    0.0,
                    0.0,
                    1.0
                ]
            ]
        },
        {
            "file_path": "./train/rgb/1652521477.694003200_front.png",
            "depth_file_path": "./train/depth/1652521477.694003200_front_depth.png",
            "fx": 279.01251220703127,
            "fy": 279.03369140625,
            "cx": 269.90625,
            "cy": 269.90625,
            "transform_matrix": [
                [
                    -0.0299174003303051,
                    -0.08811499923467636,
                    0.9956610202789307,
                    -10.249300003051758
                ],
                [
                    0.00922400038689375,
                    -0.9960880279541016,
                    -0.08787570148706436,
                    0.5351340174674988
                ],
                [
                    0.9995099902153015,
                    0.006554959807544947,
                    0.03061320073902607,
                    0.24893300235271455
                ],
                [
                    0.0,
                    0.0,
                    0.0,
                    1.0
                ]
            ]
        },
        {
            "file_path": "./train/rgb/1652521481.534003200_front.png",
            "depth_file_path": "./train/depth/1652521481.534003200_front_depth.png",
            "fx": 279.01251220703127,
            "fy": 279.03369140625,
            "cx": 269.90625,
            "cy": 269.90625,
            "transform_matrix": [
                [
                    -0.02974109910428524,
                    -0.0595708005130291,
                    0.997780978679657,
                    -11.279600143432618
                ],
                [
                    0.009471599943935871,
                    -0.9981939792633057,
                    -0.059313200414180759,
                    0.622963011264801
                ],
                [
                    0.9995120167732239,
                    0.0076865400187671188,
                    0.030251700431108476,
                    0.2468229979276657
                ],
                [
                    0.0,
                    0.0,
                    0.0,
                    1.0
                ]
            ]
        },
        {
            "file_path": "./train/rgb/1652521484.974003200_front.png",
            "depth_file_path": "./train/depth/1652521484.974003200_front_depth.png",
            "fx": 279.01251220703127,
            "fy": 279.03369140625,
            "cx": 269.90625,
            "cy": 269.90625,
            "transform_matrix": [
                [
                    -0.027782000601291658,
                    -0.019468199461698533,
                    0.9994239807128906,
                    -12.295000076293946
                ],
                [
                    0.017130399122834207,
                    -0.999671995639801,
                    -0.018996799364686014,
                    0.6267290115356445
                ],
                [
                    0.9994670152664185,
                    0.016592800617218019,
                    0.02810649946331978,
                    0.24717900156974793
                ],
                [
                    0.0,
                    0.0,
                    0.0,
                    1.0
                ]
            ]
        },
        {
            "file_path": "./train/rgb/1652521488.694003200_front.png",
            "depth_file_path": "./train/depth/1652521488.694003200_front_depth.png",
            "fx": 279.01251220703127,
            "fy": 279.03369140625,
            "cx": 269.90625,
            "cy": 269.90625,
            "transform_matrix": [
                [
                    -0.011819999665021897,
                    -0.08063770085573197,
                    0.9966729879379273,
                    -13.303999900817871
                ],
                [
                    0.02095709927380085,
                    -0.9965440034866333,
                    -0.0803786963224411,
                    0.7097089886665344
                ],
                [
                    0.9997100234031677,
                    0.01993739977478981,
                    0.013469000346958638,
                    0.24823600053787232
                ],
                [
                    0.0,
                    0.0,
                    0.0,
                    1.0
                ]
            ]
        },
        {
            "file_path": "./train/rgb/1652521492.334003200_front.png",
            "depth_file_path": "./train/depth/1652521492.334003200_front_depth.png",
            "fx": 279.01251220703127,
            "fy": 279.03369140625,
            "cx": 269.90625,
            "cy": 269.90625,
            "transform_matrix": [
                [
                    -0.02781759947538376,
                    -0.10826700180768967,
                    0.9937319755554199,
                    -14.30840015411377
                ],
                [
                    0.023428799584507943,
                    -0.993914008140564,
                    -0.10763099789619446,
                    0.8353589773178101
                ],
                [
                    0.9993379712104797,
                    0.020287899300456048,
                    0.030184900388121606,
                    0.24535399675369264
                ],
                [
                    0.0,
                    0.0,
                    0.0,
                    1.0
                ]
            ]
        },
        {
            "file_path": "./train/rgb/1652521495.574003200_front.png",
            "depth_file_path": "./train/depth/1652521495.574003200_front_depth.png",
            "fx": 279.01251220703127,
            "fy": 279.03369140625,
            "cx": 269.90625,
            "cy": 269.90625,
            "transform_matrix": [
                [
                    -0.02380559965968132,
                    -0.013246499933302403,
                    0.999629020690918,
                    -15.32349967956543
                ],
                [
                    0.02190590091049671,
                    -0.9996790289878845,
                    -0.012725500389933586,
                    0.8426240086555481
                ],
                [
                    0.9994760155677795,
                    0.021594800055027009,
                    0.024088099598884584,
                    0.2469940036535263
                ],
                [
                    0.0,
                    0.0,
                    0.0,
                    1.0
                ]
            ]
        },
        {
            "file_path": "./train/rgb/1652521499.094003200_front.png",
            "depth_file_path": "./train/depth/1652521499.094003200_front_depth.png",
            "fx": 279.01251220703127,
            "fy": 279.03369140625,
            "cx": 269.90625,
            "cy": 269.90625,
            "transform_matrix": [
                [
                    -0.02825859934091568,
                    -0.0514880008995533,
                    0.9982730150222778,
                    -16.348499298095704
                ],
                [
                    0.025958100333809854,
                    -0.9983729720115662,
                    -0.050758298486471179,
                    0.8956429958343506
                ],
                [
                    0.9992629885673523,
                    0.02447899989783764,
                    0.02954920008778572,
                    0.24852600693702699
                ],
                [
                    0.0,
                    0.0,
                    0.0,
                    1.0
                ]
            ]
        },
        {
            "file_path": "./train/rgb/1652521502.534003200_front.png",
            "depth_file_path": "./train/depth/1652521502.534003200_front_depth.png",
            "fx": 279.01251220703127,
            "fy": 279.03369140625,
            "cx": 269.90625,
            "cy": 269.90625,
            "transform_matrix": [
                [
                    -0.026820700615644456,
                    -0.05526769906282425,
                    0.9981110095977783,
                    -17.354299545288087
                ],
                [
                    0.023933900520205499,
                    -0.9982190132141113,
                    -0.054630499333143237,
                    0.9539170265197754
                ],
                [
                    0.9993529915809631,
                    0.02242339961230755,
                    0.028095699846744539,
                    0.2493550032377243
                ],
                [
                    0.0,
                    0.0,
                    0.0,
                    1.0
                ]
            ]
        },
        {
            "file_path": "./train/rgb/1652521505.934003200_front.png",
            "depth_file_path": "./train/depth/1652521505.934003200_front_depth.png",
            "fx": 279.01251220703127,
            "fy": 279.03369140625,
            "cx": 269.90625,
            "cy": 269.90625,
            "transform_matrix": [
                [
                    -0.015386699698865414,
                    -0.05063819885253906,
                    0.9985979795455933,
                    -18.34950065612793
                ],
                [
                    0.021344199776649476,
                    -0.9985060095787048,
                    -0.0503045991063118,
                    1.0054099559783936
                ],
                [
                    0.9996539950370789,
                    0.020540200173854829,
                    0.016444500535726548,
                    0.2504790127277374
                ],
                [
                    0.0,
                    0.0,
                    0.0,
                    1.0
                ]
            ]
        },
        {
            "file_path": "./train/rgb/1652521509.494003200_front.png",
            "depth_file_path": "./train/depth/1652521509.494003200_front_depth.png",
            "fx": 279.01251220703127,
            "fy": 279.03369140625,
            "cx": 269.90625,
            "cy": 269.90625,
            "transform_matrix": [
                [
                    -0.02215299941599369,
                    -0.005813539959490299,
                    0.999737024307251,
                    -19.379199981689454
                ],
                [
                    0.04864040017127991,
                    -0.9988049864768982,
                    -0.004730289801955223,
                    1.0602500438690186
                ],
                [
                    0.9985700249671936,
                    0.04852280020713806,
                    0.02240929938852787,
                    0.24872499704360963
                ],
                [
                    0.0,
                    0.0,
                    0.0,
                    1.0
                ]
            ]
        },
        {
            "file_path": "./train/rgb/1652521513.614003200_front.png",
            "depth_file_path": "./train/depth/1652521513.614003200_front_depth.png",
            "fx": 279.01251220703127,
            "fy": 279.03369140625,
            "cx": 269.90625,
            "cy": 269.90625,
            "transform_matrix": [
                [
                    -0.017333300784230233,
                    -0.05360940098762512,
                    0.9984109997749329,
                    -20.373699188232423
                ],
                [
                    0.036369699984788898,
                    -0.9979339838027954,
                    -0.052952300757169726,
                    1.1058499813079835
                ],
                [
                    0.9991880059242249,
                    0.0353940986096859,
                    0.019247200340032579,
                    0.24780899286270142
                ],
                [
                    0.0,
                    0.0,
                    0.0,
                    1.0
                ]
            ]
        },
        {
            "file_path": "./train/rgb/1652521517.854003200_front.png",
            "depth_file_path": "./train/depth/1652521517.854003200_front_depth.png",
            "fx": 279.01251220703127,
            "fy": 279.03369140625,
            "cx": 269.90625,
            "cy": 269.90625,
            "transform_matrix": [
                [
                    -0.012449000030755997,
                    0.0036361298989504577,
                    0.9999160170555115,
                    -21.391199111938478
                ],
                [
                    0.02325109951198101,
                    -0.9997220039367676,
                    0.0039249202236533169,
                    1.0968899726867676
                ],
                [
                    0.9996520280838013,
                    0.023298000916838647,
                    0.012361000292003155,
                    0.24640999734401704
                ],
                [
                    0.0,
                    0.0,
                    0.0,
                    1.0
                ]
            ]
        },
        {
            "file_path": "./train/rgb/1652521521.774003200_front.png",
            "depth_file_path": "./train/depth/1652521521.774003200_front_depth.png",
            "fx": 279.01251220703127,
            "fy": 279.03369140625,
            "cx": 269.90625,
            "cy": 269.90625,
            "transform_matrix": [
                [
                    -0.01963840052485466,
                    0.027282200753688813,
                    0.9994350075721741,
                    -22.41200065612793
                ],
                [
                    0.017132200300693513,
                    -0.9994710087776184,
                    0.027619900181889535,
                    1.0627100467681885
                ],
                [
                    0.9996600151062012,
                    0.017664900049567224,
                    0.019160600379109384,
                    0.24823899567127229
                ],
                [
                    0.0,
                    0.0,
                    0.0,
                    1.0
                ]
            ]
        },
        {
            "file_path": "./train/rgb/1652521525.094003200_front.png",
            "depth_file_path": "./train/depth/1652521525.094003200_front_depth.png",
            "fx": 279.01251220703127,
            "fy": 279.03369140625,
            "cx": 269.90625,
            "cy": 269.90625,
            "transform_matrix": [
                [
                    -0.018911899998784066,
                    -0.030341999605298044,
                    0.9993600249290466,
                    -23.42169952392578
                ],
                [
                    0.01663219928741455,
                    -0.9994099736213684,
                    -0.030028700828552247,
                    1.089269995689392
                ],
                [
                    0.9996830224990845,
                    0.01605360023677349,
                    0.01940540038049221,
                    0.2497909963130951
                ],
                [
                    0.0,
                    0.0,
                    0.0,
                    1.0
                ]
            ]
        },
        {
            "file_path": "./train/rgb/1652521529.134003200_front.png",
            "depth_file_path": "./train/depth/1652521529.134003200_front_depth.png",
            "fx": 279.01251220703127,
            "fy": 279.03369140625,
            "cx": 269.90625,
            "cy": 269.90625,
            "transform_matrix": [
                [
                    -0.018146200105547906,
                    -0.41269901394844057,
                    0.9106860160827637,
                    -24.368799209594728
                ],
                [
                    0.028130099177360536,
                    -0.9106870293617249,
                    -0.41213899850845339,
                    1.4514199495315552
                ],
                [
                    0.999439001083374,
                    0.01813890039920807,
                    0.028134800493717195,
                    0.2503739893436432
                ],
                [
                    0.0,
                    0.0,
                    0.0,
                    1.0
                ]
            ]
        },
        {
            "file_path": "./train/rgb/1652521540.254003200_front.png",
            "depth_file_path": "./train/depth/1652521540.254003200_front_depth.png",
            "fx": 279.01251220703127,
            "fy": 279.03369140625,
            "cx": 269.90625,
            "cy": 269.90625,
            "transform_matrix": [
                [
                    -0.029363399371504785,
                    -0.3520340025424957,
                    0.9355260133743286,
                    -26.018299102783204
                ],
                [
                    0.012461000122129918,
                    -0.9359859824180603,
                    -0.35181599855422976,
                    2.5681099891662599
                ],
                [
                    0.9994909763336182,
                    0.0013270400231704116,
                    0.03187039867043495,
                    0.2492150068283081
                ],
                [
                    0.0,
                    0.0,
                    0.0,
                    1.0
                ]
            ]
        },
        {
            "file_path": "./train/rgb/1652521546.614003200_front.png",
            "depth_file_path": "./train/depth/1652521546.614003200_front_depth.png",
            "fx": 279.01251220703127,
            "fy": 279.03369140625,
            "cx": 269.90625,
            "cy": 269.90625,
            "transform_matrix": [
                [
                    -0.024925800040364267,
                    -0.02960290014743805,
                    0.9992510080337524,
                    -27.045900344848634
                ],
                [
                    0.0057487101294100288,
                    -0.9995489716529846,
                    -0.029468299821019174,
                    2.522480010986328
                ],
                [
                    0.999671995639801,
                    0.005009879823774099,
                    0.02508470043540001,
                    0.2467930018901825
                ],
                [
                    0.0,
                    0.0,
                    0.0,
                    1.0
                ]
            ]
        },
        {
            "file_path": "./train/rgb/1652521552.334003200_front.png",
            "depth_file_path": "./train/depth/1652521552.334003200_front_depth.png",
            "fx": 279.01251220703127,
            "fy": 279.03369140625,
            "cx": 269.90625,
            "cy": 269.90625,
            "transform_matrix": [
                [
                    -0.026217900216579438,
                    -0.01138089969754219,
                    0.9995909929275513,
                    -28.061399459838868
                ],
                [
                    0.0006103679770603776,
                    -0.99993497133255,
                    -0.011368799954652787,
                    2.5599400997161867
                ],
                [
                    0.9996560215950012,
                    0.0003120540059171617,
                    0.026223199442029,
                    0.25053301453590395
                ],
                [
                    0.0,
                    0.0,
                    0.0,
                    1.0
                ]
            ]
        },
        {
            "file_path": "./train/rgb/1652521557.494003200_front.png",
            "depth_file_path": "./train/depth/1652521557.494003200_front_depth.png",
            "fx": 279.01251220703127,
            "fy": 279.03369140625,
            "cx": 269.90625,
            "cy": 269.90625,
            "transform_matrix": [
                [
                    -0.030710600316524507,
                    0.0032766698859632017,
                    0.9995229840278626,
                    -29.078699111938478
                ],
                [
                    -0.002324420027434826,
                    -0.9999920129776001,
                    0.0032068099826574327,
                    2.540879964828491
                ],
                [
                    0.9995250105857849,
                    -0.002224819967523217,
                    0.0307180006057024,
                    0.24727299809455872
                ],
                [
                    0.0,
                    0.0,
                    0.0,
                    1.0
                ]
            ]
        },
        {
            "file_path": "./train/rgb/1652521561.414003200_front.png",
            "depth_file_path": "./train/depth/1652521561.414003200_front_depth.png",
            "fx": 279.01251220703127,
            "fy": 279.03369140625,
            "cx": 269.90625,
            "cy": 269.90625,
            "transform_matrix": [
                [
                    -0.028944000601768495,
                    -0.00024045500322245061,
                    0.999580979347229,
                    -30.080400466918947
                ],
                [
                    0.0010803700424730778,
                    -0.9999989867210388,
                    -0.00020925099670421332,
                    2.5755600929260256
                ],
                [
                    0.9995800256729126,
                    0.0010738599812611938,
                    0.02894430048763752,
                    0.24771200120449067
                ],
                [
                    0.0,
                    0.0,
                    0.0,
                    1.0
                ]
            ]
        },
        {
            "file_path": "./train/rgb/1652521564.854003200_front.png",
            "depth_file_path": "./train/depth/1652521564.854003200_front_depth.png",
            "fx": 279.01251220703127,
            "fy": 279.03369140625,
            "cx": 269.90625,
            "cy": 269.90625,
            "transform_matrix": [
                [
                    -0.024789800867438318,
                    0.027637900784611703,
                    0.9993100166320801,
                    -31.1117000579834
                ],
                [
                    0.0005113219958730042,
                    -0.9996169805526733,
                    0.0276590995490551,
                    2.557420015335083
                ],
                [
                    0.9996920228004456,
                    0.0011966299498453737,
                    0.02476619929075241,
                    0.24899500608444215
                ],
                [
                    0.0,
                    0.0,
                    0.0,
                    1.0
                ]
            ]
        },
        {
            "file_path": "./train/rgb/1652521568.294003200_front.png",
            "depth_file_path": "./train/depth/1652521568.294003200_front_depth.png",
            "fx": 279.01251220703127,
            "fy": 279.03369140625,
            "cx": 269.90625,
            "cy": 269.90625,
            "transform_matrix": [
                [
                    -0.029134999960660936,
                    -0.05491609871387482,
                    0.9980660080909729,
                    -32.13759994506836
                ],
                [
                    -0.00208550994284451,
                    -0.9984840154647827,
                    -0.054999999701976779,
                    2.598439931869507
                ],
                [
                    0.9995729923248291,
                    -0.0036838999949395658,
                    0.028976399451494218,
                    0.2532710134983063
                ],
                [
                    0.0,
                    0.0,
                    0.0,
                    1.0
                ]
            ]
        },
        {
            "file_path": "./train/rgb/1652521571.294003200_front.png",
            "depth_file_path": "./train/depth/1652521571.294003200_front_depth.png",
            "fx": 279.01251220703127,
            "fy": 279.03369140625,
            "cx": 269.90625,
            "cy": 269.90625,
            "transform_matrix": [
                [
                    -0.022107699885964395,
                    -0.05053979903459549,
                    0.9984769821166992,
                    -33.13529968261719
                ],
                [
                    -0.007574580144137144,
                    -0.9986839890480042,
                    -0.050717901438474658,
                    2.6394801139831545
                ],
                [
                    0.9997270107269287,
                    -0.008684299886226654,
                    0.021695800125598909,
                    0.24998700618743897
                ],
                [
                    0.0,
                    0.0,
                    0.0,
                    1.0
                ]
            ]
        },
        {
            "file_path": "./train/rgb/1652521574.854003200_front.png",
            "depth_file_path": "./train/depth/1652521574.854003200_front_depth.png",
            "fx": 279.01251220703127,
            "fy": 279.03369140625,
            "cx": 269.90625,
            "cy": 269.90625,
            "transform_matrix": [
                [
                    -0.024194199591875078,
                    0.0113067002967,
                    0.9996430277824402,
                    -34.148799896240237
                ],
                [
                    -0.011280500330030918,
                    -0.999875009059906,
                    0.011036399751901627,
                    2.632430076599121
                ],
                [
                    0.9996430277824402,
                    -0.01100939977914095,
                    0.024318700656294824,
                    0.2520959973335266
                ],
                [
                    0.0,
                    0.0,
                    0.0,
                    1.0
                ]
            ]
        },
        {
            "file_path": "./train/rgb/1652521578.254003200_front.png",
            "depth_file_path": "./train/depth/1652521578.254003200_front_depth.png",
            "fx": 279.01251220703127,
            "fy": 279.03369140625,
            "cx": 269.90625,
            "cy": 269.90625,
            "transform_matrix": [
                [
                    -0.012733399868011475,
                    -0.024253299459815027,
                    0.9996240139007568,
                    -35.169700622558597
                ],
                [
                    -0.013270599767565728,
                    -0.9996129870414734,
                    -0.02442209981381893,
                    2.6311099529266359
                ],
                [
                    0.9998310208320618,
                    -0.013576599769294262,
                    0.012406599707901478,
                    0.2517710030078888
                ],
                [
                    0.0,
                    0.0,
                    0.0,
                    1.0
                ]
            ]
        },
        {
            "file_path": "./train/rgb/1652521581.694003200_front.png",
            "depth_file_path": "./train/depth/1652521581.694003200_front_depth.png",
            "fx": 279.01251220703127,
            "fy": 279.03369140625,
            "cx": 269.90625,
            "cy": 269.90625,
            "transform_matrix": [
                [
                    -0.024176400154829027,
                    -0.06221019849181175,
                    0.9977700114250183,
                    -36.18230056762695
                ],
                [
                    -0.009123150259256363,
                    -0.9980059862136841,
                    -0.062445998191833499,
                    2.7200798988342287
                ],
                [
                    0.9996659755706787,
                    -0.01061249990016222,
                    0.023560699075460435,
                    0.25168898701667788
                ],
                [
                    0.0,
                    0.0,
                    0.0,
                    1.0
                ]
            ]
        },
        {
            "file_path": "./train/rgb/1652521585.014003200_front.png",
            "depth_file_path": "./train/depth/1652521585.014003200_front_depth.png",
            "fx": 279.01251220703127,
            "fy": 279.03369140625,
            "cx": 269.90625,
            "cy": 269.90625,
            "transform_matrix": [
                [
                    -0.010425199754536152,
                    -0.08565189689397812,
                    0.9962700009346008,
                    -37.180599212646487
                ],
                [
                    -0.012131299823522568,
                    -0.9962400197982788,
                    -0.08577629923820496,
                    2.8057000637054445
                ],
                [
                    0.9998720288276672,
                    -0.01298030000180006,
                    0.00934693031013012,
                    0.25730299949645998
                ],
                [
                    0.0,
                    0.0,
                    0.0,
                    1.0
                ]
            ]
        },
        {
            "file_path": "./train/rgb/1652521592.894003200_front.png",
            "depth_file_path": "./train/depth/1652521592.894003200_front_depth.png",
            "fx": 279.01251220703127,
            "fy": 279.03369140625,
            "cx": 269.90625,
            "cy": 269.90625,
            "transform_matrix": [
                [
                    -0.005302620120346546,
                    -0.24153999984264375,
                    0.9703760147094727,
                    -38.174800872802737
                ],
                [
                    -0.0025778498966246845,
                    -0.9703829884529114,
                    -0.24155500531196595,
                    2.966360092163086
                ],
                [
                    0.9999819993972778,
                    -0.003782360116019845,
                    0.004522920120507479,
                    0.26619601249694826
                ],
                [
                    0.0,
                    0.0,
                    0.0,
                    1.0
                ]
            ]
        },
        {
            "file_path": "./train/rgb/1652521599.134003200_front.png",
            "depth_file_path": "./train/depth/1652521599.134003200_front_depth.png",
            "fx": 279.01251220703127,
            "fy": 279.03369140625,
            "cx": 269.90625,
            "cy": 269.90625,
            "transform_matrix": [
                [
                    -0.004797569941729307,
                    -0.6015909910202026,
                    0.7987890243530273,
                    -38.231300354003909
                ],
                [
                    -0.0005186049966141582,
                    -0.7987970113754273,
                    -0.6015999913215637,
                    3.209820032119751
                ],
                [
                    0.9999880194664002,
                    -0.003300480078905821,
                    0.0035202899016439916,
                    0.2655639946460724
                ],
                [
                    0.0,
                    0.0,
                    0.0,
                    1.0
                ]
            ]
        },
        {
            "file_path": "./train/rgb/1652521604.894003200_front.png",
            "depth_file_path": "./train/depth/1652521604.894003200_front_depth.png",
            "fx": 279.01251220703127,
            "fy": 279.03369140625,
            "cx": 269.90625,
            "cy": 269.90625,
            "transform_matrix": [
                [
                    -0.0003971290134359151,
                    -0.8661879897117615,
                    0.49971699714660647,
                    -38.18330001831055
                ],
                [
                    -0.005188370123505592,
                    -0.49970901012420657,
                    -0.8661779761314392,
                    3.433919906616211
                ],
                [
                    0.9999859929084778,
                    -0.0029366998933255674,
                    -0.004295660182833672,
                    0.26539701223373415
                ],
                [
                    0.0,
                    0.0,
                    0.0,
                    1.0
                ]
            ]
        },
        {
            "file_path": "./train/rgb/1652521609.334003200_front.png",
            "depth_file_path": "./train/depth/1652521609.334003200_front_depth.png",
            "fx": 279.01251220703127,
            "fy": 279.03369140625,
            "cx": 269.90625,
            "cy": 269.90625,
            "transform_matrix": [
                [
                    0.00446130009368062,
                    -0.9924939870834351,
                    0.1222120001912117,
                    -37.97869873046875
                ],
                [
                    -0.0038200400304049255,
                    -0.12223000079393387,
                    -0.9924939870834351,
                    3.5602900981903078
                ],
                [
                    0.9999819993972778,
                    0.003960949834436178,
                    -0.0043366700410842899,
                    0.2689259946346283
                ],
                [
                    0.0,
                    0.0,
                    0.0,
                    1.0
                ]
            ]
        },
        {
            "file_path": "./train/rgb/1652521612.374003200_front.png",
            "depth_file_path": "./train/depth/1652521612.374003200_front_depth.png",
            "fx": 279.01251220703127,
            "fy": 279.03369140625,
            "cx": 269.90625,
            "cy": 269.90625,
            "transform_matrix": [
                [
                    0.013277100399136544,
                    -0.9600430130958557,
                    -0.2795349955558777,
                    -37.79899978637695
                ],
                [
                    -0.0010202700505033136,
                    0.27954599261283877,
                    -0.9601309895515442,
                    3.5933399200439455
                ],
                [
                    0.9999110102653503,
                    0.013032900169491768,
                    0.0027320499066263439,
                    0.26422300934791567
                ],
                [
                    0.0,
                    0.0,
                    0.0,
                    1.0
                ]
            ]
        },
        {
            "file_path": "./train/rgb/1652521616.174003200_front.png",
            "depth_file_path": "./train/depth/1652521616.174003200_front_depth.png",
            "fx": 279.01251220703127,
            "fy": 279.03369140625,
            "cx": 269.90625,
            "cy": 269.90625,
            "transform_matrix": [
                [
                    0.021145200356841089,
                    -0.7724819779396057,
                    -0.6346849799156189,
                    -37.58359909057617
                ],
                [
                    -0.0028088800609111788,
                    0.6347780227661133,
                    -0.7726889848709106,
                    3.5485498905181886
                ],
                [
                    0.9997720122337341,
                    0.018121400848031045,
                    0.011252700351178646,
                    0.2585560083389282
                ],
                [
                    0.0,
                    0.0,
                    0.0,
                    1.0
                ]
            ]
        },
        {
            "file_path": "./train/rgb/1652521622.854003200_front.png",
            "depth_file_path": "./train/depth/1652521622.854003200_front_depth.png",
            "fx": 279.01251220703127,
            "fy": 279.03369140625,
            "cx": 269.90625,
            "cy": 269.90625,
            "transform_matrix": [
                [
                    0.022993899881839753,
                    -0.06175899878144264,
                    -0.9978259801864624,
                    -37.278499603271487
                ],
                [
                    -0.02162270061671734,
                    0.9978259801864624,
                    -0.062257200479507449,
                    3.237260103225708
                ],
                [
                    0.9995009899139404,
                    0.02300719916820526,
                    0.021608499810099603,
                    0.2605400085449219
                ],
                [
                    0.0,
                    0.0,
                    0.0,
                    1.0
                ]
            ]
        },
        {
            "file_path": "./train/rgb/1652521631.014003200_front.png",
            "depth_file_path": "./train/depth/1652521631.014003200_front_depth.png",
            "fx": 279.01251220703127,
            "fy": 279.03369140625,
            "cx": 269.90625,
            "cy": 269.90625,
            "transform_matrix": [
                [
                    0.017595700919628145,
                    0.10451199859380722,
                    -0.9943680167198181,
                    -36.30189895629883
                ],
                [
                    -0.027234600856900216,
                    0.9942029714584351,
                    0.10401199758052826,
                    2.9950098991394045
                ],
                [
                    0.9994739890098572,
                    0.025251099839806558,
                    0.020339999347925187,
                    0.26103198528289797
                ],
                [
                    0.0,
                    0.0,
                    0.0,
                    1.0
                ]
            ]
        },
        {
            "file_path": "./train/rgb/1652521635.334003200_front.png",
            "depth_file_path": "./train/depth/1652521635.334003200_front_depth.png",
            "fx": 279.01251220703127,
            "fy": 279.03369140625,
            "cx": 269.90625,
            "cy": 269.90625,
            "transform_matrix": [
                [
                    0.011693400330841542,
                    0.025030000135302545,
                    -0.9996179938316345,
                    -35.30419921875
                ],
                [
                    -0.020103400573134424,
                    0.9994900226593018,
                    0.024791600182652475,
                    2.9985198974609377
                ],
                [
                    0.9997289776802063,
                    0.019805800169706346,
                    0.012190599925816059,
                    0.26110801100730898
                ],
                [
                    0.0,
                    0.0,
                    0.0,
                    1.0
                ]
            ]
        },
        {
            "file_path": "./train/rgb/1652521639.174003200_front.png",
            "depth_file_path": "./train/depth/1652521639.174003200_front_depth.png",
            "fx": 279.01251220703127,
            "fy": 279.03369140625,
            "cx": 269.90625,
            "cy": 269.90625,
            "transform_matrix": [
                [
                    0.00915301963686943,
                    0.062442198395729068,
                    -0.9980059862136841,
                    -34.29349899291992
                ],
                [
                    -0.023211900144815446,
                    0.9977920055389404,
                    0.0622158981859684,
                    2.942509889602661
                ],
                [
                    0.9996880292892456,
                    0.022596200928092004,
                    0.01058220025151968,
                    0.2618680000305176
                ],
                [
                    0.0,
                    0.0,
                    0.0,
                    1.0
                ]
            ]
        },
        {
            "file_path": "./train/rgb/1652521643.134003200_front.png",
            "depth_file_path": "./train/depth/1652521643.134003200_front_depth.png",
            "fx": 279.01251220703127,
            "fy": 279.03369140625,
            "cx": 269.90625,
            "cy": 269.90625,
            "transform_matrix": [
                [
                    0.008934980258345604,
                    0.005501240026205778,
                    -0.9999449849128723,
                    -33.26900100708008
                ],
                [
                    -0.01626569963991642,
                    0.9998530149459839,
                    0.005355370230972767,
                    2.903330087661743
                ],
                [
                    0.9998279809951782,
                    0.016217000782489778,
                    0.0090231504291296,
                    0.2582220137119293
                ],
                [
                    0.0,
                    0.0,
                    0.0,
                    1.0
                ]
            ]
        },
        {
            "file_path": "./train/rgb/1652521646.854003200_front.png",
            "depth_file_path": "./train/depth/1652521646.854003200_front_depth.png",
            "fx": 279.01251220703127,
            "fy": 279.03369140625,
            "cx": 269.90625,
            "cy": 269.90625,
            "transform_matrix": [
                [
                    0.013200400397181511,
                    -0.035452499985694888,
                    -0.999284029006958,
                    -32.25699996948242
                ],
                [
                    -0.018061399459838868,
                    0.9991989731788635,
                    -0.03568809852004051,
                    2.956860065460205
                ],
                [
                    0.9997490048408508,
                    0.018519600853323938,
                    0.012549499981105328,
                    0.25733399391174319
                ],
                [
                    0.0,
                    0.0,
                    0.0,
                    1.0
                ]
            ]
        },
        {
            "file_path": "./train/rgb/1652521650.374003200_front.png",
            "depth_file_path": "./train/depth/1652521650.374003200_front_depth.png",
            "fx": 279.01251220703127,
            "fy": 279.03369140625,
            "cx": 269.90625,
            "cy": 269.90625,
            "transform_matrix": [
                [
                    0.016990700736641885,
                    0.051294200122356418,
                    -0.9985389709472656,
                    -31.243099212646486
                ],
                [
                    -0.01666180044412613,
                    0.9985589981079102,
                    0.05101170018315315,
                    2.9351398944854738
                ],
                [
                    0.9997169971466065,
                    0.015770800411701204,
                    0.017820900306105615,
                    0.25827500224113467
                ],
                [
                    0.0,
                    0.0,
                    0.0,
                    1.0
                ]
            ]
        },
        {
            "file_path": "./train/rgb/1652521653.814003200_front.png",
            "depth_file_path": "./train/depth/1652521653.814003200_front_depth.png",
            "fx": 279.01251220703127,
            "fy": 279.03369140625,
            "cx": 269.90625,
            "cy": 269.90625,
            "transform_matrix": [
                [
                    0.012883099727332592,
                    0.04404409974813461,
                    -0.9989460110664368,
                    -30.22920036315918
                ],
                [
                    -0.012700599618256092,
                    0.998956024646759,
                    0.04388070106506348,
                    2.873800039291382
                ],
                [
                    0.9998360276222229,
                    0.012121899984776974,
                    0.013429000042378903,
                    0.2567479908466339
                ],
                [
                    0.0,
                    0.0,
                    0.0,
                    1.0
                ]
            ]
        },
        {
            "file_path": "./train/rgb/1652521657.454003200_front.png",
            "depth_file_path": "./train/depth/1652521657.454003200_front_depth.png",
            "fx": 279.01251220703127,
            "fy": 279.03369140625,
            "cx": 269.90625,
            "cy": 269.90625,
            "transform_matrix": [
                [
                    0.006870470009744167,
                    0.010018100030720234,
                    -0.999925971031189,
                    -29.203500747680665
                ],
                [
                    -0.010467199608683586,
                    0.9998959898948669,
                    0.009945860132575035,
                    2.8564600944519045
                ],
                [
                    0.9999210238456726,
                    0.01039810013025999,
                    0.006974610034376383,
                    0.2574610114097595
                ],
                [
                    0.0,
                    0.0,
                    0.0,
                    1.0
                ]
            ]
        },
        {
            "file_path": "./train/rgb/1652521660.774003200_front.png",
            "depth_file_path": "./train/depth/1652521660.774003200_front_depth.png",
            "fx": 279.01251220703127,
            "fy": 279.03369140625,
            "cx": 269.90625,
            "cy": 269.90625,
            "transform_matrix": [
                [
                    0.005704720038920641,
                    -0.02169959992170334,
                    -0.9997479915618897,
                    -28.203399658203126
                ],
                [
                    -0.014781099744141102,
                    0.9996529817581177,
                    -0.02178190089762211,
                    2.873070001602173
                ],
                [
                    0.9998739957809448,
                    0.0149015998467803,
                    0.0053820000030100349,
                    0.2571519911289215
                ],
                [
                    0.0,
                    0.0,
                    0.0,
                    1.0
                ]
            ]
        },
        {
            "file_path": "./train/rgb/1652521664.414003200_front.png",
            "depth_file_path": "./train/depth/1652521664.414003200_front_depth.png",
            "fx": 279.01251220703127,
            "fy": 279.03369140625,
            "cx": 269.90625,
            "cy": 269.90625,
            "transform_matrix": [
                [
                    0.008838449604809285,
                    -0.00041739799780771136,
                    -0.9999610185623169,
                    -27.195100784301759
                ],
                [
                    -0.004586120136082172,
                    0.9999889731407166,
                    -0.00045796800986863673,
                    2.9153800010681154
                ],
                [
                    0.9999499917030335,
                    0.0045899897813797,
                    0.008836439810693264,
                    0.2566019892692566
                ],
                [
                    0.0,
                    0.0,
                    0.0,
                    1.0
                ]
            ]
        },
        {
            "file_path": "./train/rgb/1652521668.654003200_front.png",
            "depth_file_path": "./train/depth/1652521668.654003200_front_depth.png",
            "fx": 279.01251220703127,
            "fy": 279.03369140625,
            "cx": 269.90625,
            "cy": 269.90625,
            "transform_matrix": [
                [
                    0.00003703869879245758,
                    0.15530900657176972,
                    -0.9878659844398499,
                    -26.197999954223634
                ],
                [
                    -0.004632680211216211,
                    0.9878550171852112,
                    0.15530699491500855,
                    2.783489942550659
                ],
                [
                    0.9999889731407166,
                    0.004570719785988331,
                    0.0007560839876532555,
                    0.2558180093765259
                ],
                [
                    0.0,
                    0.0,
                    0.0,
                    1.0
                ]
            ]
        },
        {
            "file_path": "./train/rgb/1652521674.294003200_front.png",
            "depth_file_path": "./train/depth/1652521674.294003200_front_depth.png",
            "fx": 279.01251220703127,
            "fy": 279.03369140625,
            "cx": 269.90625,
            "cy": 269.90625,
            "transform_matrix": [
                [
                    -0.006622539833188057,
                    0.531059980392456,
                    -0.8473079800605774,
                    -25.48110008239746
                ],
                [
                    -0.023056399077177049,
                    0.8470199704170227,
                    0.531059980392456,
                    2.3376998901367189
                ],
                [
                    0.9997119903564453,
                    0.023052899166941644,
                    0.006634939927607775,
                    0.2580159902572632
                ],
                [
                    0.0,
                    0.0,
                    0.0,
                    1.0
                ]
            ]
        },
        {
            "file_path": "./train/rgb/1652521680.734003200_front.png",
            "depth_file_path": "./train/depth/1652521680.734003200_front_depth.png",
            "fx": 279.01251220703127,
            "fy": 279.03369140625,
            "cx": 269.90625,
            "cy": 269.90625,
            "transform_matrix": [
                [
                    0.001472200034186244,
                    0.7317820191383362,
                    -0.6815369725227356,
                    -24.857999801635743
                ],
                [
                    -0.026271099224686624,
                    0.6813309788703919,
                    0.7315040230751038,
                    1.5419399738311768
                ],
                [
                    0.9996529817581177,
                    0.016827799379825593,
                    0.02022779919207096,
                    0.25308799743652346
                ],
                [
                    0.0,
                    0.0,
                    0.0,
                    1.0
                ]
            ]
        },
        {
            "file_path": "./train/rgb/1652521686.294003200_front.png",
            "depth_file_path": "./train/depth/1652521686.294003200_front_depth.png",
            "fx": 279.01251220703127,
            "fy": 279.03369140625,
            "cx": 269.90625,
            "cy": 269.90625,
            "transform_matrix": [
                [
                    0.015288500115275383,
                    0.3981499969959259,
                    -0.9171919822692871,
                    -24.13719940185547
                ],
                [
                    -0.009049709886312485,
                    0.9173169732093811,
                    0.39805400371551516,
                    1.2312699556350709
                ],
                [
                    0.9998419880867004,
                    0.0022146899718791248,
                    0.017627499997615815,
                    0.2566879987716675
                ],
                [
                    0.0,
                    0.0,
                    0.0,
                    1.0
                ]
            ]
        },
        {
            "file_path": "./train/rgb/1652521691.014003200_front.png",
            "depth_file_path": "./train/depth/1652521691.014003200_front_depth.png",
            "fx": 279.01251220703127,
            "fy": 279.03369140625,
            "cx": 269.90625,
            "cy": 269.90625,
            "transform_matrix": [
                [
                    0.00954039953649044,
                    0.04305189847946167,
                    -0.9990270137786865,
                    -23.125099182128908
                ],
                [
                    0.0033449700567871334,
                    0.9990659952163696,
                    0.043085500597953799,
                    1.261680006980896
                ],
                [
                    0.9999489784240723,
                    -0.0037527699023485185,
                    0.009387480095028878,
                    0.25506800413131716
                ],
                [
                    0.0,
                    0.0,
                    0.0,
                    1.0
                ]
            ]
        },
        {
            "file_path": "./train/rgb/1652521695.174003200_front.png",
            "depth_file_path": "./train/depth/1652521695.174003200_front_depth.png",
            "fx": 279.01251220703127,
            "fy": 279.03369140625,
            "cx": 269.90625,
            "cy": 269.90625,
            "transform_matrix": [
                [
                    0.0062402100302278999,
                    0.06586109846830368,
                    -0.9978089928627014,
                    -22.103900909423829
                ],
                [
                    -0.004649030044674873,
                    0.9978200197219849,
                    0.0658326968550682,
                    1.2072099447250367
                ],
                [
                    0.9999690055847168,
                    0.004228029865771532,
                    0.006532799918204546,
                    0.2517760097980499
                ],
                [
                    0.0,
                    0.0,
                    0.0,
                    1.0
                ]
            ]
        },
        {
            "file_path": "./train/rgb/1652521699.214003200_front.png",
            "depth_file_path": "./train/depth/1652521699.214003200_front_depth.png",
            "fx": 279.01251220703127,
            "fy": 279.03369140625,
            "cx": 269.90625,
            "cy": 269.90625,
            "transform_matrix": [
                [
                    0.018883099779486657,
                    0.14348599314689637,
                    -0.989471971988678,
                    -21.099700927734376
                ],
                [
                    -0.0047242301516234879,
                    0.9896500110626221,
                    0.1434219926595688,
                    1.050279974937439
                ],
                [
                    0.999809980392456,
                    0.001966239884495735,
                    0.019365500658750535,
                    0.2540310025215149
                ],
                [
                    0.0,
                    0.0,
                    0.0,
                    1.0
                ]
            ]
        },
        {
            "file_path": "./train/rgb/1652521706.574003200_front.png",
            "depth_file_path": "./train/depth/1652521706.574003200_front_depth.png",
            "fx": 279.01251220703127,
            "fy": 279.03369140625,
            "cx": 269.90625,
            "cy": 269.90625,
            "transform_matrix": [
                [
                    0.009351739659905434,
                    -0.006210839841514826,
                    -0.9999369978904724,
                    -19.075899124145509
                ],
                [
                    0.028780899941921235,
                    0.999567985534668,
                    -0.00593939982354641,
                    1.0814000368118287
                ],
                [
                    0.9995419979095459,
                    -0.028723599389195443,
                    0.00952646043151617,
                    0.25131699442863467
                ],
                [
                    0.0,
                    0.0,
                    0.0,
                    1.0
                ]
            ]
        },
        {
            "file_path": "./train/rgb/1652521710.374003200_front.png",
            "depth_file_path": "./train/depth/1652521710.374003200_front_depth.png",
            "fx": 279.01251220703127,
            "fy": 279.03369140625,
            "cx": 269.90625,
            "cy": 269.90625,
            "transform_matrix": [
                [
                    0.0106843002140522,
                    0.014506500214338303,
                    -0.9998369812965393,
                    -18.075300216674806
                ],
                [
                    0.0076399799436330799,
                    0.9998639822006226,
                    0.014588500373065472,
                    1.0284199714660645
                ],
                [
                    0.9999139904975891,
                    -0.007794610224664211,
                    0.010572000406682492,
                    0.2515699863433838
                ],
                [
                    0.0,
                    0.0,
                    0.0,
                    1.0
                ]
            ]
        },
        {
            "file_path": "./train/rgb/1652521713.734003200_front.png",
            "depth_file_path": "./train/depth/1652521713.734003200_front_depth.png",
            "fx": 279.01251220703127,
            "fy": 279.03369140625,
            "cx": 269.90625,
            "cy": 269.90625,
            "transform_matrix": [
                [
                    0.006342319771647453,
                    0.06557740271091461,
                    -0.9978269934654236,
                    -17.067399978637697
                ],
                [
                    0.010143900290131569,
                    0.9977920055389404,
                    0.06563950330018997,
                    0.9546740055084229
                ],
                [
                    0.9999279975891113,
                    -0.010538199916481972,
                    0.00566310016438365,
                    0.25094500184059145
                ],
                [
                    0.0,
                    0.0,
                    0.0,
                    1.0
                ]
            ]
        },
        {
            "file_path": "./train/rgb/1652521716.934003200_front.png",
            "depth_file_path": "./train/depth/1652521716.934003200_front_depth.png",
            "fx": 279.01251220703127,
            "fy": 279.03369140625,
            "cx": 269.90625,
            "cy": 269.90625,
            "transform_matrix": [
                [
                    0.006281590089201927,
                    0.08747410029172898,
                    -0.9961469769477844,
                    -16.050899505615236
                ],
                [
                    0.011368200182914734,
                    0.9960960149765015,
                    0.08754129707813263,
                    0.8453540205955505
                ],
                [
                    0.9999150037765503,
                    -0.011874300427734852,
                    0.005262639839202166,
                    0.2479429990053177
                ],
                [
                    0.0,
                    0.0,
                    0.0,
                    1.0
                ]
            ]
        },
        {
            "file_path": "./train/rgb/1652521720.294003200_front.png",
            "depth_file_path": "./train/depth/1652521720.294003200_front_depth.png",
            "fx": 279.01251220703127,
            "fy": 279.03369140625,
            "cx": 269.90625,
            "cy": 269.90625,
            "transform_matrix": [
                [
                    0.005345489829778671,
                    0.034689098596572879,
                    -0.9993839859962463,
                    -15.006600379943848
                ],
                [
                    0.01510700024664402,
                    0.9992809891700745,
                    0.0347663015127182,
                    0.8166109919548035
                ],
                [
                    0.999871015548706,
                    -0.015283499844372273,
                    0.004817599896341562,
                    0.2526090145111084
                ],
                [
                    0.0,
                    0.0,
                    0.0,
                    1.0
                ]
            ]
        },
        {
            "file_path": "./train/rgb/1652521723.294003200_front.png",
            "depth_file_path": "./train/depth/1652521723.294003200_front_depth.png",
            "fx": 279.01251220703127,
            "fy": 279.03369140625,
            "cx": 269.90625,
            "cy": 269.90625,
            "transform_matrix": [
                [
                    0.00700253015384078,
                    0.014488600194454193,
                    -0.9998700022697449,
                    -14.015899658203125
                ],
                [
                    0.012863400392234326,
                    0.9998109936714172,
                    0.014577800408005715,
                    0.8045529723167419
                ],
                [
                    0.999891996383667,
                    -0.012963799759745598,
                    0.006814839784055948,
                    0.24849799275398255
                ],
                [
                    0.0,
                    0.0,
                    0.0,
                    1.0
                ]
            ]
        },
        {
            "file_path": "./train/rgb/1652521726.414003200_front.png",
            "depth_file_path": "./train/depth/1652521726.414003200_front_depth.png",
            "fx": 279.01251220703127,
            "fy": 279.03369140625,
            "cx": 269.90625,
            "cy": 269.90625,
            "transform_matrix": [
                [
                    0.01912740059196949,
                    0.07519059628248215,
                    -0.9969859719276428,
                    -13.014599800109864
                ],
                [
                    0.005302910227328539,
                    0.9971460103988648,
                    0.07530450075864792,
                    0.7501099705696106
                ],
                [
                    0.9998030066490173,
                    -0.006727309897542,
                    0.018674099817872049,
                    0.24830099940299989
                ],
                [
                    0.0,
                    0.0,
                    0.0,
                    1.0
                ]
            ]
        },
        {
            "file_path": "./train/rgb/1652521729.574003200_front.png",
            "depth_file_path": "./train/depth/1652521729.574003200_front_depth.png",
            "fx": 279.01251220703127,
            "fy": 279.03369140625,
            "cx": 269.90625,
            "cy": 269.90625,
            "transform_matrix": [
                [
                    0.010542100295424462,
                    0.1012360006570816,
                    -0.9948059916496277,
                    -12.000800132751465
                ],
                [
                    0.005818100180476904,
                    0.9948379993438721,
                    0.10130099952220917,
                    0.6148480176925659
                ],
                [
                    0.9999269843101502,
                    -0.006855810061097145,
                    0.009898699820041657,
                    0.2489980012178421
                ],
                [
                    0.0,
                    0.0,
                    0.0,
                    1.0
                ]
            ]
        },
        {
            "file_path": "./train/rgb/1652521732.974003200_front.png",
            "depth_file_path": "./train/depth/1652521732.974003200_front_depth.png",
            "fx": 279.01251220703127,
            "fy": 279.03369140625,
            "cx": 269.90625,
            "cy": 269.90625,
            "transform_matrix": [
                [
                    0.008423680439591408,
                    0.03619040176272392,
                    -0.9993090033531189,
                    -11.004799842834473
                ],
                [
                    0.009775440208613873,
                    0.9992939829826355,
                    0.03627220168709755,
                    0.5576249957084656
                ],
                [
                    0.9999160170555115,
                    -0.010074200108647347,
                    0.008063949644565583,
                    0.2512899935245514
                ],
                [
                    0.0,
                    0.0,
                    0.0,
                    1.0
                ]
            ]
        },
        {
            "file_path": "./train/rgb/1652521736.534003200_front.png",
            "depth_file_path": "./train/depth/1652521736.534003200_front_depth.png",
            "fx": 279.01251220703127,
            "fy": 279.03369140625,
            "cx": 269.90625,
            "cy": 269.90625,
            "transform_matrix": [
                [
                    0.005951850209385157,
                    0.02151240035891533,
                    -0.9997509717941284,
                    -9.965570449829102
                ],
                [
                    0.00264185993000865,
                    0.9997649788856506,
                    0.021528400480747224,
                    0.5312560200691223
                ],
                [
                    0.9999790191650391,
                    -0.0027693300507962705,
                    0.0058936201967298988,
                    0.24844400584697724
                ],
                [
                    0.0,
                    0.0,
                    0.0,
                    1.0
                ]
            ]
        },
        {
            "file_path": "./train/rgb/1652521739.934003200_front.png",
            "depth_file_path": "./train/depth/1652521739.934003200_front_depth.png",
            "fx": 279.01251220703127,
            "fy": 279.03369140625,
            "cx": 269.90625,
            "cy": 269.90625,
            "transform_matrix": [
                [
                    0.010089199990034104,
                    0.02770240046083927,
                    -0.9995650053024292,
                    -8.961750030517579
                ],
                [
                    0.002499959897249937,
                    0.9996119737625122,
                    0.02772890031337738,
                    0.5074430108070374
                ],
                [
                    0.9999459981918335,
                    -0.002778630005195737,
                    0.01001609954982996,
                    0.2481040060520172
                ],
                [
                    0.0,
                    0.0,
                    0.0,
                    1.0
                ]
            ]
        },
        {
            "file_path": "./train/rgb/1652521743.254003200_front.png",
            "depth_file_path": "./train/depth/1652521743.254003200_front_depth.png",
            "fx": 279.01251220703127,
            "fy": 279.03369140625,
            "cx": 269.90625,
            "cy": 269.90625,
            "transform_matrix": [
                [
                    0.007696050219237804,
                    0.02461390011012554,
                    -0.9996669888496399,
                    -7.956110000610352
                ],
                [
                    0.007380180060863495,
                    0.9996680021286011,
                    0.02467069961130619,
                    0.4925209879875183
                ],
                [
                    0.9999430179595947,
                    -0.007567599881440401,
                    0.0075118402019143108,
                    0.24801099300384522
                ],
                [
                    0.0,
                    0.0,
                    0.0,
                    1.0
                ]
            ]
        },
        {
            "file_path": "./train/rgb/1652521746.694003200_front.png",
            "depth_file_path": "./train/depth/1652521746.694003200_front_depth.png",
            "fx": 279.01251220703127,
            "fy": 279.03369140625,
            "cx": 269.90625,
            "cy": 269.90625,
            "transform_matrix": [
                [
                    0.005796730052679777,
                    0.028394099324941636,
                    -0.9995800256729126,
                    -6.952089786529541
                ],
                [
                    -0.0002162489981856197,
                    0.9995959997177124,
                    0.028393300250172616,
                    0.43623000383377077
                ],
                [
                    0.999983012676239,
                    0.00005157250052434392,
                    0.005800529848784208,
                    0.24651700258255006
                ],
                [
                    0.0,
                    0.0,
                    0.0,
                    1.0
                ]
            ]
        },
        {
            "file_path": "./train/rgb/1652521750.334003200_front.png",
            "depth_file_path": "./train/depth/1652521750.334003200_front_depth.png",
            "fx": 279.01251220703127,
            "fy": 279.03369140625,
            "cx": 269.90625,
            "cy": 269.90625,
            "transform_matrix": [
                [
                    0.008103249594569207,
                    0.027960900217294694,
                    -0.9995759725570679,
                    -5.923759937286377
                ],
                [
                    -0.002269269898533821,
                    0.9996060132980347,
                    0.02794330008327961,
                    0.4023300111293793
                ],
                [
                    0.9999639987945557,
                    0.002041870029643178,
                    0.008163520134985447,
                    0.24591700732707978
                ],
                [
                    0.0,
                    0.0,
                    0.0,
                    1.0
                ]
            ]
        },
        {
            "file_path": "./train/rgb/1652521753.774003200_front.png",
            "depth_file_path": "./train/depth/1652521753.774003200_front_depth.png",
            "fx": 279.01251220703127,
            "fy": 279.03369140625,
            "cx": 269.90625,
            "cy": 269.90625,
            "transform_matrix": [
                [
                    0.0012694100150838495,
                    0.03773900121450424,
                    -0.9992859959602356,
                    -4.8996100425720219
                ],
                [
                    0.0026730000972747804,
                    0.999284029006958,
                    0.03774230182170868,
                    0.357230007648468
                ],
                [
                    0.9999949932098389,
                    -0.002718999981880188,
                    0.0011676199501380325,
                    0.24340499937534333
                ],
                [
                    0.0,
                    0.0,
                    0.0,
                    1.0
                ]
            ]
        },
        {
            "file_path": "./train/rgb/1652521756.774003200_front.png",
            "depth_file_path": "./train/depth/1652521756.774003200_front_depth.png",
            "fx": 279.01251220703127,
            "fy": 279.03369140625,
            "cx": 269.90625,
            "cy": 269.90625,
            "transform_matrix": [
                [
                    0.003312740009278059,
                    0.1150979995727539,
                    -0.9933480024337769,
                    -3.8843801021575929
                ],
                [
                    0.00442600017413497,
                    0.9933419823646545,
                    0.11511199921369553,
                    0.270687997341156
                ],
                [
                    0.9999840259552002,
                    -0.004777899943292141,
                    0.002781260060146451,
                    0.24211999773979188
                ],
                [
                    0.0,
                    0.0,
                    0.0,
                    1.0
                ]
            ]
        },
        {
            "file_path": "./train/rgb/1652521760.014003200_front.png",
            "depth_file_path": "./train/depth/1652521760.014003200_front_depth.png",
            "fx": 279.01251220703127,
            "fy": 279.03369140625,
            "cx": 269.90625,
            "cy": 269.90625,
            "transform_matrix": [
                [
                    0.009646239690482617,
                    0.1122869998216629,
                    -0.993628978729248,
                    -2.855829954147339
                ],
                [
                    0.012264300137758255,
                    0.9935870170593262,
                    0.11240100115537644,
                    0.1543859988451004
                ],
                [
                    0.9998779892921448,
                    -0.01327040046453476,
                    0.008207250386476517,
                    0.24262000620365144
                ],
                [
                    0.0,
                    0.0,
                    0.0,
                    1.0
                ]
            ]
        },
        {
            "file_path": "./train/rgb/1652521763.534003200_front.png",
            "depth_file_path": "./train/depth/1652521763.534003200_front_depth.png",
            "fx": 279.01251220703127,
            "fy": 279.03369140625,
            "cx": 269.90625,
            "cy": 269.90625,
            "transform_matrix": [
                [
                    0.010923599824309349,
                    0.06261590123176575,
                    -0.9979779720306397,
                    -1.8572700023651124
                ],
                [
                    0.004114910028874874,
                    0.9980260133743286,
                    0.06266400218009949,
                    0.05468570068478584
                ],
                [
                    0.9999319911003113,
                    -0.004791109822690487,
                    0.010644299909472466,
                    0.24538399279117585
                ],
                [
                    0.0,
                    0.0,
                    0.0,
                    1.0
                ]
            ]
        },
        {
            "file_path": "./train/rgb/1652521770.414003200_front.png",
            "depth_file_path": "./train/depth/1652521770.414003200_front_depth.png",
            "fx": 279.01251220703127,
            "fy": 279.03369140625,
            "cx": 269.90625,
            "cy": 269.90625,
            "transform_matrix": [
                [
                    -0.009269270114600659,
                    0.057569198310375217,
                    -0.9982979893684387,
                    0.1634809970855713
                ],
                [
                    0.0012186099775135518,
                    0.9983410239219666,
                    0.05756039917469025,
                    -0.06184370070695877
                ],
                [
                    0.9999560117721558,
                    -0.000682996993418783,
                    -0.009324049577116967,
                    0.2543880045413971
                ],
                [
                    0.0,
                    0.0,
                    0.0,
                    1.0
                ]
            ]
        }
    ]
}